<xml xmlns:o="urn:schemas-microsoft-com:office:office"> <o:MainFile HRef="::ERPLAB_MANUAL_BETA114.htm"/> <o:File HRef="image001.gif"/> <o:File HRef="image002.gif"/> <o:File HRef="image003.gif"/> <o:File HRef="image004.gif"/> <o:File HRef="image005.jpg"/> <o:File HRef="image006.gif"/> <o:File HRef="image007.gif"/> <o:File HRef="image008.gif"/> <o:File HRef="image009.gif"/> <o:File HRef="image010.gif"/> <o:File HRef="image011.gif"/> <o:File HRef="image012.jpg"/> <o:File HRef="image013.gif"/> <o:File HRef="image014.gif"/> <o:File HRef="image015.jpg"/> <o:File HRef="image016.gif"/> <o:File HRef="image017.gif"/> <o:File HRef="image018.gif"/> <o:File HRef="image019.gif"/> <o:File HRef="image020.gif"/> <o:File HRef="image021.gif"/> <o:File HRef="image022.gif"/> <o:File HRef="image023.gif"/> <o:File HRef="image024.gif"/> <o:File HRef="image025.gif"/> <o:File HRef="image026.jpg"/> <o:File HRef="image027.gif"/> <o:File HRef="image028.gif"/> <o:File HRef="image029.gif"/> <o:File HRef="image030.gif"/> <o:File HRef="image031.gif"/> <o:File HRef="image032.gif"/> <o:File HRef="image033.gif"/> <o:File HRef="image034.gif"/> <o:File HRef="image035.gif"/> <o:File HRef="filelist.xml"/></xml>